nombre,tipo_estudio,precio
"Reposition Left Common Iliac Vein, Percutaneous Approach",citologia,2344.15
"Revision of Drainage Device in Lower Jaw, Perc Approach",biopsia,29935.36
"Replace L Hip Jt, Femoral w Ceramic, Cement, Open",citologia,9088.5
"Bypass Cystic Duct to Caud Duct, Perc Endo Approach",biopsia,22829.16
"Alteration of Left Breast with Synth Sub, Perc Approach",biopsia,7405.73
"Drainage of Right Neck Muscle, Perc Endo Approach",citologia,21241.08
"Excision of Head Lymphatic, Percutaneous Approach, Diagn",citologia,14169.09
"Drainage of Nasal Turbinate, Endo, Diagn",citologia,15281.42
"Drainage of R Lacrml Gland with Drain Dev, Open Approach",biopsia,1858.59
Planar Nucl Med Imag of Head Lymph using Oth Radionuclide,biopsia,25725.86
"Dilation of L Ulnar Art with 4 Drug-elut, Perc Approach",citologia,25418.41
"Removal of Nonautologous Tissue Substitute from Testis, Endo",biopsia,7751.05
"Revision of Autol Sub in T-lum Jt, Perc Endo Approach",citologia,1811.3
"Supplement Int Mamm, R Lymph w Synth Sub, Perc Endo",citologia,24219.34
Beam Radiation of Jejunum using Neutrons,citologia,24061.92
"Supplement L Ant Tib Art with Synth Sub, Open Approach",biopsia,11983.55
"Bypass Inf Vena Cava to Low Vein w Autol Vn, Open",citologia,13461.36
"Fusion of L Tarsal Jt with Autol Sub, Perc Endo Approach",citologia,10662.8
"Excision of Right Trunk Tendon, Open Approach, Diagnostic",citologia,13135.82
"Supplement Olfact Nrv with Autol Sub, Perc Endo Approach",citologia,27850.02
"Drainage of Neck, Percutaneous Endoscopic Approach",biopsia,27306.57
"Repair Acoustic Nerve, Percutaneous Approach",biopsia,8975.99
"Revision of Autol Sub in Nose, Extern Approach",citologia,2347.15
"Bypass R Ventricle to R Pulm Art w Zooplastic, Perc Endo",biopsia,5836.85
"Planar Nucl Med Imag Skin, Subcu & Breast w Oth Radionuclide",citologia,29161.92
"Bypass L Axilla Vein to Up Vein with Autol Vn, Open Approach",citologia,5056.22
Removal of Splint on Left Lower Extremity,biopsia,4399.53
"Dilate L Hand Art, Bifurc, w 4+ Intralum Dev, Perc Endo",citologia,2181.9
"Bypass Left Axillary Artery to Upper Arm Vein, Open Approach",biopsia,17063.95
"Excision of Right Foot Vein, Open Approach, Diagnostic",biopsia,3741.03
"Destruction of Brain, Percutaneous Approach",citologia,1223.97
"Supplement Left Lacrimal Bone with Synth Sub, Open Approach",citologia,25066.9
"Excision of Mult Parathyroid, Perc Endo Approach, Diagn",citologia,12117.86
Stereotactic Other Photon Radiosurgery of Thymus,biopsia,21527.86
"Drainage of Lumsac Jt with Drain Dev, Perc Endo Approach",citologia,26088.09
"Revision of Nonautologous Tissue Substitute in Stomach, Endo",citologia,1843.08
"Excision of Right Axillary Artery, Percutaneous Approach",citologia,21215.52
"Dilate of Sup Vena Cava with Drug-elut Intra, Open Approach",citologia,7131.14
"Dilation of L Radial Art with 3 Drug-elut, Open Approach",citologia,2115.83
"Repair Right Internal Jugular Vein, Percutaneous Approach",biopsia,11968.4
"Drainage of Femoral Nerve, Open Approach, Diagnostic",biopsia,11729.9
"Release Aortic Valve, Percutaneous Approach",biopsia,10879.13
"Drainage of Upper Lip with Drainage Device, Open Approach",citologia,29016.69
"Drainage of T-lum Jt with Drain Dev, Perc Endo Approach",citologia,18307.94
"Drainage of Right Upper Leg Tendon, Perc Endo Approach",biopsia,21124.84
"Planar Nucl Med Imag Hepatobil Sys, All w Technetium 99m",citologia,17913.47
"Excision of Left Choroid, Open Approach, Diagnostic",citologia,20316.16
"Ultrasonography of Right Internal Carotid Artery, Intravasc",biopsia,7789.42
"Extirpation of Matter from L Neck Lymph, Open Approach",citologia,3988.6
"Dilation of R Brach Art with 3 Drug-elut, Open Approach",citologia,20913.53
"Occlusion L Face Vein w Extralum Dev, Perc Endo",biopsia,9521.46
"Removal of Autol Sub from R Ear, Perc Endo Approach",citologia,13857.74
"Supplement Lum Disc with Synth Sub, Open Approach",citologia,27148.62
"Supplement Lum Jt with Autol Sub, Open Approach",biopsia,11913.64
"Dilate Intracran Art, Bifurc, w Drug-elut Intra, Perc",biopsia,15503.5
"Excision of Right Lobe Liver, Percutaneous Approach, Diagn",citologia,2445.31
"Bypass Ascending Colon to Cutaneous with Nonaut Sub, Endo",biopsia,19509.97
"Excision of Right Ovary, Open Approach",biopsia,27906.92
"Revision of Nonaut Sub in Low Jaw, Open Approach",citologia,8246.36
"Restriction of Abdominal Aorta, Bifurcation, Perc Approach",citologia,6107.46
"Excision of Right Maxillary Sinus, Perc Endo Approach",citologia,3843.31
"Repair Left Thorax Tendon, Percutaneous Approach",biopsia,9855.19
"Extirpation of Matter from L Thorax Bursa/Lig, Open Approach",citologia,26307.5
"Restriction of Ascending Colon, Via Opening",citologia,20041.91
"Reposition Transverse Colon, Open Approach",citologia,11345.34
"Excision of Radial Nerve, Percutaneous Endoscopic Approach",biopsia,13779.01
"Supplement Trans Colon with Autol Sub, Perc Endo Approach",biopsia,10813.75
"Repair Upper Gingiva, External Approach",citologia,17070.69
"Reposition Left Subclavian Artery, Perc Endo Approach",biopsia,28173.67
"Replacement of Left Choroid with Nonaut Sub, Open Approach",biopsia,23753.4
"Bypass R Axilla Art to R Low Arm Art w Synth Sub, Open",biopsia,5960.2
"Insert Infusion Dev in R Post Tib Art, Perc Endo",citologia,29213.93
"Reposition R Femur Shaft with Ring Ext Fix, Perc Approach",citologia,2890.1
"Occlusion of Left Common Iliac Vein, Open Approach",citologia,28422.0
"Restriction of Anus with Extralum Dev, Perc Endo Approach",biopsia,22600.5
"Insertion of Ext Fix into L Patella, Perc Approach",citologia,28377.54
"Replacement of R Verteb Vein with Autol Sub, Open Approach",biopsia,3473.29
"Drainage of B Epididymis with Drain Dev, Perc Approach",citologia,15763.02
"Reattachment of Esophagus, Percutaneous Endoscopic Approach",biopsia,15938.35
"Division of L Thorax Bursa/Lig, Perc Endo Approach",biopsia,3754.38
"Supplement Head Muscle with Nonaut Sub, Open Approach",citologia,17771.63
"Removal of Drainage Device from Nasal Bone, Extern Approach",citologia,11906.11
"Removal of Ext Fix from L Finger Phalanx, Perc Endo Approach",biopsia,26601.68
"Bypass R Pleural Cav to Cutan with Synth Sub, Perc Approach",biopsia,26486.63
"Release Pudendal Nerve, Percutaneous Endoscopic Approach",citologia,25602.87
"Bypass Portal Vein to R Renal Vein w Autol Art, Open",biopsia,20273.88
"Introduction of Liquid Brachy into Low GI, Perc Approach",biopsia,4391.77
"Release Left Sphenoid Sinus, Perc Endo Approach",biopsia,19904.55
"Transfuse Nonaut Whole Blood in Central Art, Open",biopsia,25077.01
"Dilate R Renal Art, Bifurc, w 3 Intralum Dev, Perc Endo",citologia,23198.07
"Removal of Monitoring Device from Low Art, Extern Approach",citologia,26089.44
"Revision of Monitoring Device in Ureter, Via Opening",citologia,10765.53
"Drainage of Left Internal Mammary Artery, Perc Approach",citologia,3924.07
"Repair Esophagogastric Junction, Percutaneous Approach",biopsia,24137.81
"Restriction of Inferior Mesenteric Artery, Open Approach",citologia,23336.13
"Repair Left Atrium, Open Approach",citologia,6325.97
"Insertion of Radioactive Element into Tongue, Perc Approach",citologia,21528.67
"Excision of Lesser Omentum, Percutaneous Approach",biopsia,17482.77
"Excision of R Up Leg Subcu/Fascia, Perc Approach",biopsia,11545.12
"Replace of R Finger Phalanx Jt with Autol Sub, Open Approach",citologia,7137.19
"Drainage of Accessory Nerve, Open Approach, Diagnostic",citologia,23463.72
CT Scan of Bi Renal Vein using L Osm Contrast,citologia,10256.89
"Replace of R Femur Shaft with Nonaut Sub, Perc Endo Approach",biopsia,10155.45
"Bypass Jejunum to Cutaneous, Perc Endo Approach",citologia,21117.64
"Replace of L Knee Jt with Synth Sub, Uncement, Open Approach",citologia,21579.33
"Bypass Abd Aorta to L Femor A with Nonaut Sub, Open Approach",biopsia,27116.49
"Insertion of Int Fix into L Toe Phalanx, Perc Approach",biopsia,10858.96
"Supplement Thor Aorta Desc w Autol Sub, Perc Endo",citologia,2555.94
"Revision of Nonaut Sub in Great Vessel, Open Approach",citologia,18453.17
"Excision of Left Hand Artery, Perc Endo Approach",biopsia,4769.57
"Extirpation of Matter from Pudendal Nerve, Open Approach",citologia,16644.66
"Restrict R Verteb Vein w Extralum Dev, Perc Endo",biopsia,9821.08
"Removal of Ext Fix from R Tarsal, Perc Approach",biopsia,12352.64
"Bypass Sup Vena Cava to R Pulm Art w Autol Art, Open",citologia,25936.79
"Drain Head Neck Symp Nrv w Drain Dev, Perc Endo",biopsia,23477.59
"Drainage of Bilateral Breast, Endo, Diagn",citologia,6287.15
"Dilation of Left Femoral Vein, Open Approach",biopsia,15620.83
"Dilate L Ext Carotid, Bifurc, w 2 Intralum Dev, Open",biopsia,14418.58
"Drainage of Uterine Supporting Structure, Perc Endo Approach",citologia,7247.98
"Restriction of Cecum, Open Approach",biopsia,2763.4
"Resection of Nasopharynx, Via Natural or Artificial Opening",biopsia,19721.15
"Removal of Ext Fix from R Carpal, Perc Approach",citologia,11225.41
"Drainage of Right Lower Femur, Percutaneous Approach, Diagn",citologia,1710.0
"Repair Left 5th Toe, External Approach",citologia,16886.34
"Dilation of L Int Mamm Art with 4 Drug-elut, Open Approach",citologia,13066.46
"Release Thoracolumbar Vertebral Disc, External Approach",biopsia,29789.89
"Reposition R Abd Bursa/Lig, Perc Endo Approach",citologia,4589.71
"Drainage of L Metatarsal with Drain Dev, Perc Endo Approach",citologia,5075.11
"Removal of Drain Dev from Diaphragm, Perc Endo Approach",citologia,13788.98
"Removal of Synth Sub from L Extraoc Muscle, Perc Approach",citologia,23188.79
"Supplement Clitoris with Nonaut Sub, Open Approach",biopsia,7834.04
"Destruction of Vagus Nerve, Open Approach",citologia,25062.21
"Drainage of Left Lower Extremity, Percutaneous Approach",citologia,8424.89
"Excision of Right Renal Artery, Open Approach, Diagnostic",citologia,17746.37
"Reposition Right Popliteal Artery, Percutaneous Approach",citologia,16746.13
"Inspection of Pancreas, External Approach",biopsia,23376.44
"Drainage of L Post Tib Art with Drain Dev, Perc Approach",citologia,9286.69
"Bypass Jejunum to Sigm Colon with Nonaut Sub, Open Approach",citologia,1634.39
Plain Radiography of Bi Pulm Vein using H Osm Contrast,citologia,8236.61
"Bypass R Com Iliac Vein to Low Vein w Nonaut Sub, Open",citologia,20317.36
"Drainage of Soft Palate, Percutaneous Approach",biopsia,17138.74
"Release Right Ovary, Open Approach",citologia,9771.95
"Supplement Left Maxilla with Nonaut Sub, Perc Approach",biopsia,14700.98
"Removal of Autol Sub from Spinal Cord, Open Approach",biopsia,16578.38
"Revision of Extraluminal Device in Bladder, Open Approach",biopsia,5827.75
"Introduction of Anti-inflam into GU Tract, Perc Approach",citologia,20788.46
Beam Radiation of Bile Ducts using Heavy Particles,citologia,4826.83
"Insertion of Ext Fix into L Tibia, Perc Approach",biopsia,5718.51
Change Intermittent Pressure Device on Right Lower Leg,citologia,14840.59
"Drainage of Abdominal Aorta with Drain Dev, Open Approach",citologia,11712.26
"Destruction of Thoracic Nerve, Open Approach",citologia,29235.67
"Revision of Ext Fix in L Finger Phalanx, Open Approach",citologia,18536.65
"Release Right Sacroiliac Joint, Open Approach",biopsia,26002.02
"Measurement of Respiratory Total Activity, Endo",citologia,1167.59
"Revision of Autol Sub in L Humeral Head, Extern Approach",citologia,25088.12
"Repair Right Shoulder Bursa and Ligament, Open Approach",biopsia,13353.84
"Drainage of Hepatic Vein, Open Approach, Diagnostic",biopsia,23374.51
"Insertion of Ext Fix into R Pelvic Bone, Open Approach",citologia,3919.9
"Occlusion of Pancreatic Duct, Open Approach",citologia,12896.06
Exercise Treatment of Musculosk Low Back/LE using Orthosis,citologia,10995.91
"Revise Synth Sub in L Knee Jt, Patella, Perc Endo",biopsia,29971.22
Plain Radiography of Right Testicle using Other Contrast,citologia,21247.91
Planar Nucl Med Imag of Up Extrem Lymph using Technetium 99m,biopsia,28780.85
"Extirpation of Matter from Left External Ear, Perc Approach",biopsia,28725.86
"Removal of Synth Sub from Periton Cav, Open Approach",biopsia,26728.26
Immobilization of Left Upper Arm using Other Device,citologia,21762.67
"Drainage of Pharynx, Percutaneous Approach, Diagnostic",biopsia,27934.08
"Excision of Right Maxillary Sinus, Perc Endo Approach",citologia,19569.06
"Release Left Common Iliac Vein, Percutaneous Approach",biopsia,1901.62
"Bypass R Popl Art to Peron Art w Nonaut Sub, Open",citologia,2470.53
"Drainage of Thoracic Duct, Open Approach, Diagnostic",citologia,21057.51
"Insert of Infusion Dev into L Femor Vein, Perc Endo Approach",citologia,5518.68
"Repair Left Mandible, Percutaneous Approach",biopsia,21636.86
LDR Brachytherapy of Abd Lymph using Californium 252,citologia,18045.5
"Supplement T-lum Disc with Autol Sub, Perc Approach",biopsia,29743.27
"Drainage of Lower Gingiva, Open Approach",citologia,4059.58
"Reposition Left Tarsal Joint, Perc Endo Approach",citologia,6767.63
"Bypass L Hepatic Duct to Caud Duct w Intralum Dev, Open",citologia,6756.25
"Revision of Other Device in Face, Percutaneous Approach",biopsia,8966.35
Fluoroscopy of Left Hip using Other Contrast,biopsia,8628.05
"Supplement Right Lower Leg with Synth Sub, Open Approach",biopsia,26836.7
"Bypass L Subclav Art to R Extracran Art, Open Approach",citologia,29252.97
"Supplement R Foot Art with Synth Sub, Perc Endo Approach",citologia,4287.59
"Dilation of Colic Vein, Percutaneous Endoscopic Approach",biopsia,23800.68
"Insertion of Pedcl Stabl Dev into T-lum Jt, Open Approach",citologia,9498.94
"Destruction of Buccal Mucosa, Percutaneous Approach",biopsia,8350.46
"Destruction of Left Thorax Bursa and Ligament, Open Approach",citologia,1913.19
"Remove Nonaut Sub from R Sacroiliac Jt, Perc Endo",biopsia,27680.82
"Bypass Cereb Vent to Atrium with Synth Sub, Perc Approach",citologia,11065.83
"Bypass Abd Aorta to R Ext Ilia with Synth Sub, Open Approach",biopsia,25768.85
"Extirpation of Matter from Right Acetabulum, Open Approach",citologia,11095.79
"Release Thoracolumbar Vertebral Joint, External Approach",citologia,13306.32
Planar Nucl Med Imag of Skull using Technetium 99m,biopsia,23760.55
"Excision of Carina, Endo, Diagn",biopsia,21103.14
"Inspection of Lower Bursa and Ligament, External Approach",biopsia,11952.12
"Removal of Radioact Elem from Low Back, Extern Approach",biopsia,25980.8
"Bypass R Kidney Pelvis to R Ureter w Autol Sub, Open",biopsia,17908.8
"Supplement Tricusp Valve fr R AV Vlv w Synth Sub, Perc",biopsia,4313.19
"Lower Veins, Occlusion",citologia,8614.33
"Removal of Synth Sub from L Patella, Perc Endo Approach",biopsia,8270.49
"Drain of L Up Leg Subcu/Fascia with Drain Dev, Perc Approach",citologia,28529.59
"Removal of Nonaut Sub from R Elbow Jt, Open Approach",biopsia,6411.59
"Supplement Right Ring Finger with Autol Sub, Open Approach",biopsia,12963.55
"Extirpation of Matter from Upper Esophagus, Via Opening",citologia,7151.2
"Occlusion of L Thyroid Art with Extralum Dev, Open Approach",citologia,5639.54
"Repair Left Lower Extremity Lymphatic, Open Approach",biopsia,6238.27
"Supplement R Int Jugular Vein with Autol Sub, Perc Approach",biopsia,29013.18
"Excision of Right Hand, Percutaneous Approach, Diagnostic",citologia,23086.83
"Release Right Maxillary Sinus, Percutaneous Approach",citologia,24241.63
"Reposition Peroneal Nerve, Percutaneous Approach",citologia,25992.92
"Excision of Left Trunk Muscle, Perc Endo Approach, Diagn",biopsia,22537.94
"Destruction of Right Nipple, Endo",biopsia,20282.76
"Destruction of Left Eye, External Approach",biopsia,16230.07
"Revision of Other Device in Resp Tract, Perc Endo Approach",biopsia,28626.21
"Drainage of Right Fallopian Tube, Perc Endo Approach",biopsia,16987.25
"Dilate R Com Iliac Art, Bifurc, w 3 Intralum Dev, Perc Endo",biopsia,24923.02
"Bypass L Com Iliac Art to L Int Ilia w Autol Vn, Open",citologia,18019.11
"Dilate of R Thyroid Art with 4+ Intralum Dev, Open Approach",biopsia,3853.82
"Dilate R Com Iliac Art w 3 Intralum Dev, Perc Endo",citologia,27099.96
Caregiver Training in Applic/Use/Care Dev using Prosthesis,biopsia,23020.26
"Drainage of Right Testis with Drainage Device, Open Approach",citologia,25976.27
"Excision of Sternum, Percutaneous Endoscopic Approach",citologia,16240.37
Beam Radiation of Sternum using Electrons,citologia,7152.73
"Extirpation of Matter from R Acetabulum, Perc Endo Approach",biopsia,28179.3
Hyperthermia of Femur,citologia,19093.15
"Drainage of Left Knee Tendon, Percutaneous Approach, Diagn",citologia,28466.6
"Repair Left Carpal, Open Approach",citologia,21186.5
"Supplement Cisterna Chyli with Synth Sub, Open Approach",biopsia,2863.31
"Drainage of Left Ear Skin, External Approach",biopsia,11032.43
"Introduce of Local Anesth into Bil/Panc Tract, Via Opening",citologia,6747.28
"Release Aortic Body, Percutaneous Approach",citologia,1117.14
"Insertion of Hearing Device into R Inner Ear, Perc Approach",biopsia,14315.26
"Release Mitral Valve, Open Approach",citologia,6183.93
Change Brace on Right Lower Extremity,biopsia,27250.11
"Dilation of R Ulnar Art with 3 Intralum Dev, Open Approach",citologia,16650.19
"Inspection of T-lum Disc, Perc Endo Approach",citologia,26715.84
"Transfer Right Upper Leg Muscle with Skin, Open Approach",biopsia,9435.67
"Excision of Left Colic Artery, Open Approach",citologia,12018.0
"Extracorporeal Therapies, Phys Sys, Shock Wave Therapy",citologia,26720.18
"Drainage of Upper Gingiva with Drain Dev, Perc Approach",biopsia,5274.49
"Excision of Right Ethmoid Sinus, Open Approach",citologia,20622.67
"Restriction of Bladder with Intraluminal Device, Via Opening",citologia,11551.73
"Revision of Int Fix in L Humeral Head, Open Approach",biopsia,19833.67
"Drainage of Chest Subcu/Fascia, Open Approach, Diagn",biopsia,8469.09
"Excision of Right Foot Skin, External Approach",biopsia,2576.32
"Supplement Lower Back with Nonaut Sub, Open Approach",biopsia,21263.43
"Inspection of Left Hand, Percutaneous Endoscopic Approach",citologia,2172.68
"Restriction of L Ext Iliac Art, Perc Endo Approach",biopsia,6328.09
"Excision of Right Subclavian Artery, Open Approach",citologia,8317.21
"Release Left Trunk Bursa and Ligament, Open Approach",biopsia,14326.61
"Excision of Right Greater Saphenous Vein, Perc Approach",citologia,1292.39
"Reposition Right Foot Artery, Perc Endo Approach",biopsia,23335.93
"Drainage of R Up Lung Lobe with Drain Dev, Via Opening",biopsia,21387.93
Contact Radiation of Right Breast,biopsia,3111.05
Muscle Perform Assess Neuro Low Back/LE w Orthosis,citologia,8858.58
"Revision of Drain Dev in L Acromioclav Jt, Perc Approach",biopsia,9841.15
"Excision of Pulmonary Trunk, Open Approach, Diagnostic",biopsia,5141.48
"Excision of Right Ankle Region, Percutaneous Approach, Diagn",biopsia,22741.23
"Bypass L Com Iliac Art to R Com Ilia w Autol Vn, Perc Endo",biopsia,13499.69
"Extirpation of Matter from L Face Vein, Perc Endo Approach",citologia,3724.88
"Bypass L Ureter to Colocutan with Synth Sub, Open Approach",citologia,23218.39
"Restriction of Cecum, Percutaneous Endoscopic Approach",biopsia,27460.7
"Drainage of Pudendal Nerve, Perc Endo Approach, Diagn",citologia,7487.56
"Insert Infusion Dev in L Verteb Vein, Perc Endo",biopsia,4577.06
"Extirpation of Matter from Bi Carotid Body, Perc Approach",biopsia,16744.97
"Fragmentation in Pericardium, Percutaneous Approach",citologia,18077.68
"Introduction of Oth Diagn Subst into Subcu, Perc Approach",biopsia,25144.31
"Dilate R Int Mamm Art, Bifurc, w 2 Drug-elut, Perc",citologia,16828.77
"Supplement R Low Extrem Bursa/Lig w Autol Sub, Perc Endo",citologia,11160.26
Fluoroscopy of Urethra using Low Osmolar Contrast,biopsia,18069.04
"Removal of Drain Dev from L Finger Phalanx Jt, Open Approach",biopsia,22042.47
"Revision of Nonaut Sub in L Metacarpal, Extern Approach",citologia,7039.56
"Occlusion of R Femor Vein with Extralum Dev, Open Approach",citologia,28334.6
"Destruction of Right Occipital Bone, Perc Endo Approach",biopsia,21114.89
"Supplement Pulm Valve with Nonaut Sub, Perc Endo Approach",biopsia,29515.36
"Radiation Therapy, Musculoskeletal System, Beam Radiation",citologia,27585.3
"Transplantation of L Up Lung Lobe, Zooplast, Open Approach",biopsia,5373.86
Planar Nucl Med Imag of L Breast using Technetium 99m,citologia,6760.95
"Bypass Abd Aorta to L Com Ilia w Synth Sub, Perc Endo",biopsia,24677.85
"Resection of Right Upper Femur, Open Approach",biopsia,17468.94
"Supplement Head Muscle with Nonaut Sub, Perc Endo Approach",biopsia,3054.76
"Revision of Drain Dev in L Metacarpophal Jt, Extern Approach",citologia,18282.19
"Restriction of Left External Iliac Artery, Open Approach",citologia,6586.35
"Revise of Radioact Elem in Vagina & Cul-de-sac, Via Opening",biopsia,1511.93
Magnetic Resonance Imaging (MRI) of Fetal Thorax,biopsia,27950.7
"Replacement of Left Ureter with Synth Sub, Via Opening",biopsia,13846.39
"Removal of Nonaut Sub from Larynx, Perc Approach",citologia,1686.78
"Revision of Synth Sub in R Toe Phalanx, Perc Endo Approach",citologia,18877.56
"Restrict L Int Jugular Vein w Extralum Dev, Open",biopsia,10842.55
"Restriction of Middle Esophagus, Perc Endo Approach",biopsia,13096.86
"Transfuse of Autol Globulin into Central Vein, Perc Approach",biopsia,20052.86
Plain Radiography of Left Testicle using L Osm Contrast,biopsia,4067.03
"Release Right Metatarsal-Phalangeal Joint, External Approach",biopsia,19626.91
"Removal of Synth Sub from Chest Wall, Perc Approach",biopsia,20649.74
"Excision of Innominate Artery, Percutaneous Approach",biopsia,6424.4
"Revision of Bone Stim in Facial Bone, Extern Approach",citologia,14768.43
"Bypass R Ureter to L Ureter w Autol Sub, Perc Endo",biopsia,7447.15
Plain Radiography of Superior Vena Cava using L Osm Contrast,citologia,17875.84
"Excision of Left Occipital Bone, Open Approach, Diagnostic",citologia,19336.7
"Inspection of Lower Bone, External Approach",biopsia,18632.68
"Drain of R Acromioclav Jt with Drain Dev, Perc Endo Approach",citologia,11707.51
"Dilate L Ulnar Art, Bifurc, w Drug-elut Intra, Perc Endo",citologia,25039.74
"Restrict L Ext Iliac Vein w Extralum Dev, Perc Endo",biopsia,19009.12
"Removal of Synth Sub from R Ear, Perc Endo Approach",biopsia,4860.92
"Replace of R Verteb Art with Nonaut Sub, Perc Endo Approach",citologia,16734.69
"Introduce of Oth Diagn Subst into Central Art, Perc Approach",citologia,3275.12
"MRI of Bi Int Carotid using Oth Contrast, Unenh, Enhance",citologia,20697.87
"Bypass L Kidney Pelvis to L Kid Pelv w Nonaut Sub, Open",biopsia,20272.59
"Repair Left Internal Mammary Artery, Open Approach",citologia,13173.66
"Insertion of Pedcl Stabl Dev into Thor Jt, Perc Approach",citologia,10190.69
"Fusion of R Knee Jt with Nonaut Sub, Perc Endo Approach",citologia,1733.46
"Insertion of Int Fix into L Frontal Bone, Perc Endo Approach",citologia,5179.96
"Occlusion of L Ureter with Intralum Dev, Perc Endo Approach",biopsia,28723.59
"Revision of Synth Sub in Cereb Vent, Open Approach",biopsia,12340.85
"Drainage of Right Hand Tendon, Open Approach, Diagnostic",biopsia,8776.55
"Excision of Left Upper Lung Lobe, Via Opening, Diagn",biopsia,2779.51
"Release Urethra, Open Approach",biopsia,17757.24
"Introduction of Oth Therap Subst into Eye, Extern Approach",biopsia,25652.27
"Excision of Lumbar Vertebral Disc, Open Approach",citologia,20220.78
"Reattachment of Right Elbow Region, Open Approach",citologia,2060.17
"Release Left Upper Arm Tendon, Perc Endo Approach",biopsia,27271.39
"Drainage of Cerebellum, Percutaneous Endoscopic Approach",biopsia,23198.24
"Fusion of R Shoulder Jt with Nonaut Sub, Open Approach",citologia,22357.39
"Excision of Glomus Jugulare, Percutaneous Approach, Diagn",citologia,21298.47
"Restriction of Right Neck Lymphatic, Open Approach",biopsia,21257.91
"Exercise Trmt Neuro Head, Neck w Mech/Electromech Equip",citologia,20851.48
Plain Radiography of Uterus & Fallopian using L Osm Contrast,biopsia,28272.56
"Repair Right Ovary, Percutaneous Endoscopic Approach",citologia,20794.49
"Supplement Thor Aorta Asc with Autol Sub, Perc Approach",biopsia,27371.29
"Removal of Autol Sub from Periph Nrv, Open Approach",citologia,9452.53
Magnetic Resonance Imaging (MRI) of Right Ankle,citologia,26452.41
"Drainage of Subarachnoid Space, Open Approach, Diagnostic",biopsia,23887.7
"Supplement Left Atrium with Nonaut Sub, Perc Endo Approach",biopsia,25781.65
"Reposition Right Sphenoid Bone, Percutaneous Approach",biopsia,23822.46
"Bypass Cystic Duct to Left Hepatic Duct, Open Approach",citologia,16829.48
"Drainage of Acoustic Nerve, Perc Endo Approach, Diagn",citologia,18418.86
"Drain Uterine Support Struct w Drain Dev, Open",citologia,15968.81
"Repair Hepatobiliary and Pancreas in POC, Via Opening",biopsia,10289.6
Beam Radiation of Abdomen Skin using Photons <1 MeV,citologia,18765.99
"Fusion of Left Tarsal Joint with Ext Fix, Perc Endo Approach",biopsia,28564.83
"Bypass R Hepatic Duct to L Hep Duc w Intralum Dev, Perc Endo",citologia,20400.44
"Removal of Nonaut Sub from Nasal Bone, Perc Endo Approach",biopsia,15737.12
"Removal of Autol Sub from L Tarsal Jt, Open Approach",biopsia,20833.98
"Bypass L Int Iliac Art to R Femor A w Autol Vn, Perc Endo",biopsia,1807.49
"Drainage of Cecum with Drainage Device, Endo",citologia,27695.0
"Division of Coccyx, Percutaneous Approach",citologia,4812.66
"Ultrasonography of Celiac and Mesenteric Arteries, Intravasc",citologia,16012.79
"Drainage of Left Lower Lobe Bronchus, Percutaneous Approach",biopsia,16832.87
"Drainage of Spinal Canal, Open Approach",citologia,1147.4
"Revision of Nonaut Sub in Low Tendon, Perc Approach",citologia,23508.18
"Excision of Left Thorax Muscle, Percutaneous Approach, Diagn",citologia,15220.04
"Revision of Intralum Dev in Fallopian Tube, Via Opening",citologia,7884.0
"Revise of Autol Sub in Epididymis/Sperm Cord, Open Approach",biopsia,3064.42
Coord/Dexterity Treatment of Neuro Up Back/UE using Orthosis,citologia,17011.98
"Inspection of Lymphatic, Percutaneous Endoscopic Approach",citologia,5704.6
"Repair Left Lobe Liver, Open Approach",biopsia,24619.15
"Inspection of Right Wrist Joint, External Approach",biopsia,27205.77
"Repair Bladder Neck, Percutaneous Approach",biopsia,25291.55
"Release R Up Arm Subcu/Fascia, Perc Approach",biopsia,20320.62
"Occlusion R Subclav Art w Intralum Dev, Perc Endo",biopsia,18731.93
"Replace of R Peroneal Art with Synth Sub, Perc Endo Approach",biopsia,14340.14
"Occlusion of Ductus Arteriosus, Perc Endo Approach",citologia,21320.03
"Destruction of Right Ankle Joint, Perc Endo Approach",citologia,3626.73
CT Scan of Neck using L Osm Contrast,citologia,10356.72
"Dilation of R Brach Art with Drug-elut Intra, Open Approach",biopsia,19148.34
"Restriction of Splenic Vein with Intralum Dev, Open Approach",biopsia,19347.64
"Release Left Inferior Parathyroid Gland, Perc Approach",citologia,22748.94
"Extraction of Buttock Skin, External Approach",citologia,4253.84
"Revision of Synth Sub in Fallopian Tube, Perc Endo Approach",biopsia,10330.62
"Bypass R Ext Iliac Art to R Ext Ilia w Autol Art, Perc Endo",citologia,20875.95
"Revise Drain Dev in R Metatarsophal Jt, Perc Endo",citologia,5261.4
"Dilation of Duodenum, Via Natural or Artificial Opening",citologia,2528.48
Manual Therapy Techniques Treatment of Neuro Up Back/UE,citologia,24637.41
"Revision of Neuro Lead in Spinal Canal, Open Approach",biopsia,18235.53
"Restrict L Great Saphenous w Extralum Dev, Open",citologia,22123.86
"Bypass 4+ Cor Art from Cor Art w Nonaut Sub, Perc Endo",biopsia,7084.56
"Occlusion L Ext Jugular Vein w Extralum Dev, Open",biopsia,11723.75
"Revision of Synth Sub in R Hip Jt, Femoral, Perc Approach",citologia,1808.46
"Drainage of Trigeminal Nerve, Open Approach, Diagnostic",biopsia,2846.4
"Restrict Com Bile Duct w Extralum Dev, Perc Endo",biopsia,8387.45
"Dilate of R Com Iliac Art with 2 Intralum Dev, Perc Approach",biopsia,8887.19
"Bypass R Ureter to R Ureter w Synth Sub, Perc Endo",citologia,28618.76
"Fusion L Temporomandib Jt w Autol Sub, Perc Endo",citologia,25813.07
"Extirpate matter from L Finger Phalanx, Perc Endo",biopsia,2765.96
"Restrict L Neck Lymph w Intralum Dev, Perc Endo",citologia,10854.05
"Revision of Nonaut Sub in L Toe Phalanx, Extern Approach",biopsia,4115.82
"Restrict Inf Vena Cava w Intralum Dev, Perc Endo",citologia,2097.4
"Fusion of T-lum Jt, Post Appr P Col, Perc Endo Approach",biopsia,23885.9
"Release Right Trunk Tendon, Percutaneous Approach",biopsia,4045.8
"Restrict of R Lacrml Duct with Intralum Dev, Open Approach",citologia,6108.26
"Extraction of L Trunk Bursa/Lig, Perc Endo Approach",biopsia,16572.99
"CT Scan of Abd using Oth Contrast, Unenh, Enhance",citologia,6709.06
"Drainage of Abdominal Wall, Percutaneous Approach, Diagn",citologia,25209.35
"Repair Right Thorax Tendon, Percutaneous Approach",citologia,23695.63
"Excision of Bilateral Carotid Bodies, Perc Approach, Diagn",citologia,21694.16
"Restrict of L Lacrml Duct with Extralum Dev, Open Approach",citologia,11731.07
"Drainage of R Brach Vein with Drain Dev, Perc Endo Approach",biopsia,1302.64
"Excision of Left Ovary, Endo, Diagn",biopsia,4982.83
"Control Bleeding in Neck, Open Approach",citologia,13703.23
"Destruction of Right Shoulder Tendon, Percutaneous Approach",biopsia,23334.88
"Insertion of Feeding Device into Small Intest, Open Approach",biopsia,22335.91
"Revision of Radioact Elem in Periton Cav, Extern Approach",biopsia,7383.04
"Restrict R Verteb Art w Bioact Intralum, Perc Endo",citologia,4946.95
"Reposition L Sphenoid Bone with Int Fix, Perc Endo Approach",citologia,14878.18
"Extraction of Right Hand Bursa and Ligament, Open Approach",citologia,22921.87
"Fusion of >7 T Jt, Post Appr A Col, Perc Endo Approach",biopsia,17111.19
"Bypass R Fem Art to R Femor A w Autol Vn, Perc Endo",citologia,11930.05
"Drainage of Left Foot with Drain Dev, Perc Endo Approach",biopsia,7006.54
"Transfer Vagus Nerve to Optic Nerve, Perc Endo Approach",biopsia,11512.18
"Bypass R Com Iliac Art to L Com Ilia w Synth Sub, Open",biopsia,3289.66
"Dilation of L Hypogast Vein with Intralum Dev, Perc Approach",citologia,29135.77
"Repair Pelvis Lymphatic, Percutaneous Approach",biopsia,24885.94
"Destruction of Left Hand Vein, Perc Endo Approach",biopsia,7167.93
"Extirpation of Matter from Right Humeral Head, Perc Approach",citologia,14191.21
"Replacement of Left Ulna with Synth Sub, Perc Endo Approach",citologia,4313.08
"Excision of Right Brachial Vein, Perc Approach, Diagn",citologia,21000.56
"Introduction of Insulin into Periph Art, Open Approach",biopsia,25403.12
"Insertion of Radioactive Element into Vagina, Open Approach",citologia,22133.05
"Insertion of Other Device into Fem Perineum, Perc Approach",biopsia,1081.84
"Muscle Perform Assess Neuro Head, Neck w Prosthesis",biopsia,24701.37
"Repair Male Perineum, Percutaneous Approach",citologia,4496.77
"Revision of Autol Sub in R Hip Jt, Perc Approach",biopsia,4357.59
"Replacement of R Ext Ear with Nonaut Sub, Open Approach",citologia,7153.11
Removal of Packing Material on Left Inguinal Region,biopsia,3123.38
"Bypass L Subclav Art to Bi Low Arm Art w Nonaut Sub, Open",biopsia,12200.3
"Revision of Nonaut Sub in R Carpal Jt, Perc Approach",biopsia,12267.0
"Drainage of Bilateral Lungs, Endo",biopsia,3363.46
"Resection of Left Hepatic Duct, Endo",biopsia,23928.11
"Supplement L Shoulder with Nonaut Sub, Perc Endo Approach",biopsia,9017.41
"Destruction of Brain, Percutaneous Endoscopic Approach",biopsia,24892.97
Stereotactic Gamma Beam Radiosurgery of Pharynx,biopsia,10865.09
"Repair Left Hip Muscle, Open Approach",citologia,16457.66
"Revision of Nonaut Sub in R Fibula, Open Approach",citologia,13042.07
"Tendons, Inspection",citologia,8610.58
"Bypass Sigmoid Colon to Rectum, Perc Endo Approach",citologia,1076.43
"Restriction of Left Internal Iliac Artery, Open Approach",biopsia,5125.77
"Removal of Monitoring Device from Lower Vein, Perc Approach",citologia,25281.68
"Repair Trochlear Nerve, Percutaneous Approach",citologia,11141.12
"Transfer Right Neck Muscle with Subcu, Open Approach",biopsia,10082.09
"Transfer Trochlear Nerve to Facial Nerve, Open Approach",biopsia,13509.69
"Supplement Left Ventricle with Synth Sub, Perc Endo Approach",biopsia,3435.27
"CT Scan of L Eye using Oth Contrast, Unenh, Enhance",citologia,14799.57
Muscle Performance Treatment of Musculosk Whole,biopsia,27173.49
"Excision of Right Clavicle, Open Approach, Diagnostic",biopsia,25327.3
"Resection of Right Radius, Open Approach",biopsia,23631.25
"Drainage of Right Testis, Percutaneous Endoscopic Approach",citologia,19506.29
"Bypass Pulm Trunk from Subclav w Autol Vn, Perc Endo",biopsia,5888.57
Removal of Cast on Neck,biopsia,23318.64
"Supplement L Temporomandib Jt with Nonaut Sub, Open Approach",biopsia,8162.68
"Muscle Performance Assessment of Integu Head, Neck",biopsia,19183.81
"Restrict R Com Iliac Vein w Intralum Dev, Perc",biopsia,25521.85
"Removal of Infusion Dev from Retroperitoneum, Perc Approach",citologia,7724.6
"Insert Intralum Dev in Hemiazygos Vein, Perc Endo",citologia,5488.67
"Detachment at Right Hand, Complete 3rd Ray, Open Approach",citologia,1678.15
"Supplement Nasal Bone with Nonaut Sub, Open Approach",biopsia,16011.71
"Drainage of R Up Arm Subcu/Fascia, Open Approach",citologia,8853.09
"Fusion 2-4 L Jt w Synth Sub, Post Appr P Col, Perc Endo",citologia,25896.79
"Excision of R Low Leg Muscle, Perc Endo Approach, Diagn",citologia,13725.93
"Insertion of Limb Length Dev into L Tibia, Open Approach",biopsia,23508.32
"Occlusion of R Com Carotid with Extralum Dev, Perc Approach",citologia,25375.48
"Dilation of L Ext Iliac Art with 4 Drug-elut, Perc Approach",biopsia,13439.52
"Restrict L Ext Iliac Vein w Intralum Dev, Perc",citologia,15185.53
"Beam Radiation of Chest using Electrons, Intraoperative",biopsia,28033.53
"Bypass L Kidney Pelvis to R Ureter w Nonaut Sub, Open",biopsia,14006.2
"Introduce Monoclonal Antibody in Bil/Panc Tract, Perc",citologia,5855.08
"Excision of Left Upper Lung Lobe, Perc Endo Approach, Diagn",citologia,15249.59
"Removal of Drainage Device from L Carpal Jt, Extern Approach",biopsia,8926.03
"Removal of Extraluminal Device from Urethra, Endo",citologia,3144.13
"Excision of Head, Percutaneous Approach",citologia,7452.88
"Insertion of Infusion Dev into L Low Leg, Perc Endo Approach",citologia,18791.93
Beam Radiation of Sternum using Photons >10 MeV,biopsia,20465.82
"Extirpation of Matter from R Metacarpal, Perc Endo Approach",citologia,23728.64
"Muscle Perform Trmt Musculosk Head, Neck w Assist Equip",biopsia,18936.04
"Supplement Ant Neck Subcu/Fascia w Autol Sub, Perc",biopsia,23487.24
"Reposition Left Humeral Shaft with Ext Fix, Open Approach",citologia,9157.18
"Nonimag Nucl Med Prob Musculo Sys, Oth w Oth Radionuclide",biopsia,13671.19
"Dilate R Ext Carotid w Intralum Dev, Perc Endo",citologia,26459.62
"Division of Left Tibia, Percutaneous Approach",biopsia,29645.82
"Introduction of Analg/Hypnot/Sedat into Eye, Perc Approach",biopsia,22498.56
"Reposition Left Radius with Ext Fix, Perc Approach",biopsia,14280.42
"Insertion of Infusion Device into Face Artery, Perc Approach",citologia,21806.52
Removal of Brace on Left Toe,citologia,5062.86
"Occlusion of Trachea with Intraluminal Device, Via Opening",biopsia,1371.18
Other Specified Central Auditory Processing Assessment,citologia,7805.8
"Revision of Nonaut Sub in Penis, Open Approach",biopsia,20691.25
Aerobic Cap/Endur Assess Resp Body w Aerobic Equip,biopsia,28449.83
"Change Other Device in Trachea, External Approach",biopsia,18317.17
"Inspection of Left Upper Extremity, Perc Endo Approach",citologia,23262.76
"Insertion of Monitor Dev into R Pulm Art, Perc Endo Approach",biopsia,12238.82
"Release Left Nipple, Via Natural or Artificial Opening",biopsia,15048.74
"Supplement R Abd Muscle with Synth Sub, Open Approach",biopsia,27503.16
"Introduce of Oth Anti-infect into Periph Vein, Perc Approach",citologia,12524.32
"Insertion of Int Fix into Coccyx, Perc Endo Approach",citologia,17238.91
"Revision of Ext Fix in R Carpal, Perc Approach",biopsia,3887.14
"Transplantation of Oth Body Sys into POC, Perc Endo Approach",biopsia,12081.95
"Supplement Left Scapula with Nonaut Sub, Perc Approach",citologia,2669.6
"Bypass Duodenum to Ileum with Autol Sub, Endo",citologia,23824.95
"Inspection of Bilateral Femoral Region, Open Approach",biopsia,6402.54
"Supplement Bi Femoral Region w Nonaut Sub, Perc Endo",biopsia,29786.25
Packing of Left Hand using Packing Material,biopsia,4289.22
"Drainage of Pineal Body with Drainage Device, Perc Approach",citologia,7471.56
"Drainage of Neck with Drainage Device, Percutaneous Approach",citologia,25883.27
"Replacement of R Pelvic Bone with Synth Sub, Perc Approach",biopsia,23727.1
"Bypass Esophageal Vein to Low Vein w Autol Vn, Perc Endo",biopsia,27216.5
LDR Brachytherapy of Oropharynx using Palladium 103,biopsia,29825.87
"Removal of Cardiac Lead from Heart, Percutaneous Approach",citologia,17740.26
"Bypass 1 Cor Art from Cor V w Intralum Dev, Perc Endo",biopsia,14033.91
"Extirpation of Matter from Larynx, Endo",citologia,6629.71
"Drainage of Right Radius, Open Approach, Diagnostic",citologia,14873.1
"Resection of Left Ethmoid Bone, Open Approach",biopsia,23048.13
"Fusion of Occip Jt, Post Appr P Col, Perc Approach",biopsia,27980.78
"Destruction of Left Foot Bursa and Ligament, Perc Approach",citologia,23621.01
"Introduction of Local Anesthetic into POC, Perc Approach",biopsia,20266.79
"Supplement L Seminal Vesicle with Nonaut Sub, Open Approach",citologia,15661.1
"Bypass Left Femoral Artery to Peroneal Artery, Open Approach",biopsia,9934.25
"Supplement L Less Saphenous with Autol Sub, Open Approach",citologia,12968.9
Exercise Trmt Integu Up Back/UE w Mech/Electromech Equip,citologia,7974.33
"Occlusion of Right Femoral Artery, Open Approach",biopsia,23568.71
"Excision of Right Foot Artery, Percutaneous Approach",citologia,25360.92
"Revision of Intraluminal Device in Left Eye, Endo",citologia,4882.74
"Insertion of Radioactive Element into R Lung, Perc Approach",biopsia,13042.48
Plain Radiography of Right Kidney using H Osm Contrast,biopsia,6855.35
"Excision of Superior Mesenteric Vein, Perc Endo Approach",biopsia,5286.27
"Drainage of Pelvis Lymphatic, Percutaneous Approach",citologia,6084.22
"Control Bleeding in Left Upper Arm, Perc Endo Approach",citologia,16759.12
"Dilation of Right Large Intestine, Via Opening",citologia,14523.55
"Reposition Sigmoid Colon, Percutaneous Endoscopic Approach",citologia,28923.29
"Drainage of Cystic Duct, Perc Endo Approach, Diagn",biopsia,16357.75
"Insertion of Int Fix into R Knee Jt, Open Approach",citologia,29943.61
"Supplement T-lum Disc with Nonaut Sub, Perc Endo Approach",citologia,21212.7
"Bypass Descend Colon to Desc Colon w Synth Sub, Open",biopsia,9422.13
"Drainage of Lower Esophagus, Percutaneous Approach, Diagn",citologia,3780.87
"Release L Low Leg Subcu/Fascia, Extern Approach",biopsia,4749.6
"Drainage of Right Kidney Pelvis with Drainage Device, Endo",biopsia,23220.62
"Dilation of Low Art, Bifurc, with 2 Drug-elut, Open Approach",biopsia,2575.12
"Excision of Right Pelvic Bone, Open Approach",biopsia,23929.32
"Supplement of Left Eye with Autol Sub, Perc Approach",biopsia,10559.45
"Release Left Pulmonary Artery, Perc Endo Approach",biopsia,26100.12
"Bypass 2 Cor Art from Aorta with Zooplastic, Open Approach",citologia,15525.85
"Replacement of L Low Eyelid with Synth Sub, Perc Approach",citologia,5567.07
"Excision of Cervix, Percutaneous Endoscopic Approach",biopsia,6620.0
"Excision of Cervical Nerve, Open Approach, Diagnostic",citologia,13565.44
"Dilation of L Thyroid Art with Intralum Dev, Open Approach",biopsia,3747.5
"Supplement Right Nipple with Synth Sub, Via Opening",citologia,14908.88
"Dilate L Axilla Art w 2 Intralum Dev, Perc Endo",biopsia,23291.95
"Extirpate of Matter from L Thyroid Lobe, Perc Endo Approach",citologia,13064.19
"Measurement of Arterial Sound, Peripheral, Perc Approach",citologia,18730.83
"Dilation of Hepatic Art with 4 Drug-elut, Perc Endo Approach",citologia,2126.57
"Bypass R Fem Art to Foot Art with Autol Art, Open Approach",citologia,12348.68
"MRI of L Kidney using Oth Contrast, Unenh, Enhance",biopsia,15124.66
"Supplement Right Ureter with Autol Sub, Endo",citologia,24883.53
"Bypass Cystic Duct to R Hep Duc w Intralum Dev, Perc Endo",biopsia,20418.79
"Revision of Autol Sub in R Fibula, Open Approach",citologia,23071.32
"Reposition Left Ethmoid Bone, Percutaneous Approach",citologia,28164.42
Low Dose Rate (LDR) Brachytherapy of Chest using Iodine 125,biopsia,9244.44
"Removal of Ext Fix from L Low Femur, Perc Endo Approach",citologia,17397.88
"Destruction of Left Temporal Bone, Percutaneous Approach",citologia,14381.2
"Insert Singl Chan Cochl Prosth in L Inner Ear, Perc Endo",citologia,3563.07
"Repair Facial Nerve, Percutaneous Endoscopic Approach",biopsia,19405.1
"Revision of Nonaut Sub in Skull, Open Approach",citologia,12608.32
Plain Radiography of Left Hip,citologia,5801.19
"Insertion of Infusion Device into Abd Aorta, Perc Approach",biopsia,2369.31
"Bypass L Axilla Art to L Up Arm Art w Autol Art, Open",citologia,16458.01
"Fusion of R Metatarsophal Jt with Synth Sub, Perc Approach",citologia,20729.78
"Destruction of Occipital-cervical Joint, Perc Endo Approach",citologia,16655.25
"Reattachment of Left Abdomen Tendon, Open Approach",biopsia,23667.32
"Bypass Common Bile Duct to Stomach, Open Approach",biopsia,7176.26
"Change Other Device in Left Ear, External Approach",citologia,26799.56
"Bypass R Femor Vein to Low Vein with Autol Vn, Open Approach",citologia,17567.04
"Release Right Upper Lobe Bronchus, Perc Endo Approach",citologia,3014.06
"Revise of Infusion Dev in Male Perineum, Perc Endo Approach",biopsia,29807.86
"Release Cervicothoracic Vertebral Disc, Open Approach",biopsia,2327.18
"Inspection of Left Buttock, Open Approach",biopsia,12626.83
Motor Function Treatment of Musculosk Up Back/UE,citologia,25507.92
"Reposition Right Testis, Percutaneous Approach",citologia,24140.61
"Change Drainage Device in L Low Extrem, Extern Approach",biopsia,5692.01
"Supplement R Abd Tendon with Autol Sub, Open Approach",biopsia,4420.92
"Alteration of Upper Back with Nonaut Sub, Perc Endo Approach",citologia,25932.83
"Drainage of Right Foot Skin, External Approach, Diagnostic",biopsia,5299.27
"Removal of Autol Sub from R Temporomandib Jt, Perc Approach",citologia,23253.4
Plain Radiography of Left External Carotid Artery,citologia,8281.99
"Revision of Infusion Device in Thor Disc, Open Approach",biopsia,3309.82
"Division of Left Humeral Shaft, Perc Endo Approach",biopsia,28304.02
"Excision of Finger Nail, External Approach",citologia,20817.38
"Individual Psychotherapy, Supportive",citologia,22960.73
"Extirpation of Matter from Thor Jt, Open Approach",citologia,8006.46
"Fluoroscopy of Inf Vena Cava using L Osm Contrast, Guidance",citologia,19414.93
"Insert of Intralum Dev into Thor Aorta Desc, Perc Approach",citologia,17688.31
"Replacement of R Low Femur with Autol Sub, Perc Approach",citologia,27000.94
"Release Left Eye, External Approach",biopsia,20224.27
"Occlusion of Anus with Extralum Dev, Perc Endo Approach",biopsia,11498.17
"Dilate Intracran Art, Bifurc, w Drug-elut Intra, Open",biopsia,27546.95
"Supplement L Ext Iliac Vein with Synth Sub, Open Approach",biopsia,1339.44
"Reposition Left Upper Femur with Int Fix, Perc Approach",biopsia,25424.16
"Replacement of R Maxilla with Synth Sub, Perc Endo Approach",biopsia,13468.02
"Excision of Median Nerve, Percutaneous Approach, Diagnostic",citologia,11029.93
"Insertion of Radioact Elem into Low Jaw, Perc Endo Approach",biopsia,10366.58
"Drainage of Right Lacrimal Duct, Open Approach, Diagnostic",citologia,22377.46
"Reposition Right Lower Eyelid, Percutaneous Approach",citologia,20019.43
"Supplement Left Hand Artery with Autol Sub, Perc Approach",citologia,16922.87
"Monitor Peripheral Nervous Conductivity, Sensory, Open",citologia,11890.69
"Drainage of Peritoneal Cavity, Open Approach",citologia,9070.84
"Drainage of Chest Skin with Drainage Device, Extern Approach",citologia,17717.8
"Revision of Artificial Sphincter in Bladder, Via Opening",citologia,29147.99
"Occlusion of Innom Art with Intralum Dev, Perc Approach",biopsia,12957.76
"Excision of Left Knee Bursa and Ligament, Open Approach",biopsia,27839.58
"Fluoroscopy Bi Verteb Art w H Osm Contrast, Laser Intraop",citologia,18137.4
"Supplement Right Hand Tendon with Autol Sub, Open Approach",citologia,15854.81
"Bypass Cereb Vent to Mastoid Sinus w Autol Sub, Perc",citologia,22896.82
Packing of Right Thumb using Packing Material,citologia,12506.99
"Replace of L Glenoid Cav with Autol Sub, Perc Endo Approach",citologia,12159.39
"Supplement R Main Bronc with Nonaut Sub, Perc Endo Approach",biopsia,27959.45
"Restrict of L Subclav Art with Intralum Dev, Open Approach",citologia,7685.31
"Removal of Ext Fix from R Metacarpophal Jt, Extern Approach",biopsia,25308.77
"Reposition Left Thumb Phalanx with Ext Fix, Perc Approach",citologia,11635.54
"Excision of Para-aortic Body, Open Approach",biopsia,5338.24
"Repair Lower Lip, Open Approach",biopsia,1522.15
"Destruction of Bladder Neck, Percutaneous Approach",biopsia,27003.59
"Repair Right Sphenoid Sinus, Open Approach",biopsia,24830.75
"MRI of R Low Extrem Art using Oth Contrast, Unenh, Enhance",citologia,9299.35
"Supplement R Mid Lobe Bronc w Nonaut Sub, Perc Endo",citologia,22162.57
"Bypass R Int Iliac Art to R Int Ilia w Autol Vn, Open",biopsia,23861.57
"Removal of Int Fix from Lumsac Jt, Perc Endo Approach",biopsia,2418.32
"Repair Left Neck Muscle, Open Approach",biopsia,1296.87
"Occlusion R Neck Lymph w Extralum Dev, Perc Endo",citologia,9594.61
"Bypass 4+ Cor Art from R Int Mammary w Autol Vn, Open",citologia,17931.84
"Drainage of Right Humeral Shaft, Perc Approach, Diagn",biopsia,9721.47
"Drainage of Left Shoulder Tendon, Percutaneous Approach",citologia,23578.61
"Occlusion R Int Iliac Art w Extralum Dev, Perc",citologia,9763.01
"Bypass R Pleural Cav to Low Vein w Synth Sub, Perc Endo",citologia,18050.78
"Fusion Cerv Jt w Autol Sub, Post Appr A Col, Open",citologia,28602.03
"Replace R Foot Skin w Autol Sub, Part Thick, Extern",citologia,3551.24
"Replace of L Ext Iliac Vein with Synth Sub, Open Approach",citologia,13954.91
LDR Brachytherapy of Spinal Cord using Oth Isotope,citologia,19629.69
"Drainage of Right Femoral Shaft, Open Approach, Diagnostic",biopsia,2483.72
"Extirpation of Matter from Anus, Percutaneous Approach",citologia,27821.29
"Extraction of Right Sphenoid Sinus, Percutaneous Approach",biopsia,29223.37
CT Scan of Abd Aorta using L Osm Contrast,citologia,16608.4
"Excision of Cecum, Percutaneous Approach",biopsia,20254.85
"Reposition Rectum, Endo",citologia,11569.83
"Revision of Autol Sub in R Humeral Shaft, Open Approach",biopsia,12559.92
"Bypass Common Bile Duct to Caud Duct, Perc Endo Approach",biopsia,5407.63
"Restriction of Hepatic Vein, Percutaneous Approach",citologia,17757.02
"Revise of Nonaut Sub in L Acromioclav Jt, Perc Endo Approach",biopsia,8131.27
"Excision of R Tunica Vaginalis, Perc Endo Approach, Diagn",citologia,17371.38
"Removal of Autol Sub from L Scapula, Open Approach",citologia,11034.02
"Drainage of Splenic Artery, Percutaneous Endoscopic Approach",citologia,25794.46
"Excision of Right Lower Leg, Open Approach",biopsia,10627.9
"Dilate of L Int Mamm Art with 4+ Intralum Dev, Open Approach",biopsia,9007.55
"Bypass R Ureter to Ileocutan w Autol Sub, Perc Endo",biopsia,7418.71
"Transplantation of Eye into POC, Perc Approach",biopsia,11050.25
"Fluoroscopy of Other Veins using Other Contrast, Guidance",citologia,22173.03
"Repair Pancreatic Duct, Percutaneous Approach",citologia,17171.25
"Bypass R Ext Iliac Art to L Ext Ilia w Synth Sub, Open",citologia,26682.13
"Bypass L Com Iliac Art to B Com Ilia, Perc Endo Approach",citologia,27782.94
"Removal of Drainage Device from Abd Wall, Perc Approach",citologia,3331.87
"Supplement R Axilla Lymph with Synth Sub, Open Approach",biopsia,1880.93
"Insertion of Monitoring Device into Ileum, Open Approach",biopsia,3963.45
"Excision of Left Hepatic Duct, Via Opening, Diagn",biopsia,17677.43
"Supplement R Subclav Vein with Autol Sub, Perc Endo Approach",biopsia,11058.06
"Insert Radioact Elem in Pericard Cav, Perc Endo",citologia,21403.07
"Irrigation of Fem Reprod using Irrigat, Via Opening, Diagn",biopsia,27230.27
"Excision of Left Ureter, Percutaneous Approach",biopsia,5863.2
"Fusion 2-4 L Jt w Intbd Fus Dev, Ant Appr A Col, Perc",biopsia,21717.64
"Imaging, Male Reproductive System, Fluoroscopy",citologia,7133.67
Compression of Neck using Pressure Dressing,citologia,16042.22
"Supplement Abducens Nerve with Autol Sub, Open Approach",citologia,17103.37
"Revision of Synth Sub in Cranial Cav, Open Approach",biopsia,6412.36
"Repair Left Ankle Joint, Percutaneous Endoscopic Approach",citologia,9622.36
"Ultrasonography of Right Upper Extremity Veins, Guidance",citologia,5336.25
"Dilation of 4+ Cor Art with 3 Drug-elut, Perc Approach",biopsia,7544.13
"Replace of Chordae Tendineae with Zooplastic, Open Approach",citologia,5517.28
"Introduce Autol Somat Stem Cell in Cran Cav/Brain, Open",biopsia,3207.55
"Repair Left Eustachian Tube, Via Opening",biopsia,10099.17
"Reposition Left Axillary Artery, Percutaneous Approach",biopsia,18010.28
"Drainage of Right Hand Tendon, Percutaneous Approach, Diagn",citologia,25186.46
"Release Radial Nerve, Percutaneous Endoscopic Approach",biopsia,19080.84
"Bypass Right Brachial Vein to Upper Vein, Perc Endo Approach",biopsia,22487.37
"Drainage of Prepuce with Drainage Device, Perc Endo Approach",citologia,2461.63
"Dilation of R Int Iliac Art with Intralum Dev, Perc Approach",citologia,7502.68
"Removal of Nonaut Sub from R Ankle Jt, Perc Endo Approach",citologia,9347.58
"Extirpation of Matter from Lumbar Nerve, Perc Approach",biopsia,3695.93
"Insertion of Intralum Dev into R Subclav Vein, Open Approach",biopsia,29406.85
"Excision of Left Pulmonary Artery, Perc Endo Approach",biopsia,18043.49
"Fusion of Right Hip Joint with Autol Sub, Perc Endo Approach",biopsia,7169.55
"Supplement Left Ring Finger with Autol Sub, Open Approach",citologia,12764.7
"Supplement L Thorax Bursa/Lig w Synth Sub, Perc Endo",biopsia,17042.76
"Drainage of Left Trunk Tendon with Drain Dev, Open Approach",biopsia,1168.63
"Insertion of Int Fix into L Metatarsotars Jt, Perc Approach",citologia,1249.21
"Drainage of R Metacarpophal Jt, Open Approach, Diagn",citologia,10196.01
Radiography of Renal Art Transplant using H Osm Contrast,biopsia,1559.94
Eustachian Tube Function Assessment,biopsia,8933.08
"Reposition Left Radius with Intramed Fix, Open Approach",citologia,21682.28
"Revision of Drainage Device in Thymus, Perc Endo Approach",citologia,22142.76
"Introduce of Nitric Oxide Gas into Resp Tract, Via Opening",biopsia,15378.93
"Alteration of Right External Ear, Open Approach",biopsia,27802.46
"Replacement of Nose with Nonaut Sub, Open Approach",biopsia,15584.66
"Removal of Infusion Dev from Scrotum & Tunica, Perc Approach",biopsia,6603.85
"Removal of Drainage Device from T-lum Jt, Open Approach",biopsia,19754.64
"Revision of Synth Sub in R Ulna, Perc Endo Approach",biopsia,19179.08
"Bypass L Subclav Art to Bi Low Arm Art w Autol Art, Open",citologia,15827.27
"Supplement Lumbosacral Joint with Nonaut Sub, Perc Approach",citologia,1899.02
"Subcutaneous Tissue and Fascia, Repair",biopsia,16925.01
"Reposition Esophageal Vein, Percutaneous Approach",biopsia,25461.34
"Drainage of Median Nerve with Drain Dev, Perc Endo Approach",biopsia,25296.62
Plain Radiography of B Tracheobronc Tree using Oth Contrast,biopsia,29671.26
"Release Occipital-cervical Joint, Percutaneous Approach",citologia,19583.21
"Division of R Up Arm Subcu/Fascia, Perc Approach",citologia,3343.37
"Drainage of Right Frontal Sinus, Perc Approach, Diagn",biopsia,14492.51
"Revision of Intraluminal Device in Pancreatic Duct, Endo",citologia,11140.67
"Repair Right Knee Region, Percutaneous Endoscopic Approach",citologia,1512.32
Magnetic Resonance Imaging (MRI) of Bi Up Extrem Vein,citologia,26154.0
"Transfuse Autol Bone Marrow in Central Art, Open",biopsia,14458.87
"Repair Left Foot Vein, Open Approach",citologia,9476.79
"Drainage of Right Zygomatic Bone, Perc Endo Approach, Diagn",citologia,9425.73
Beam Radiation of Leg Skin using Photons >10 MeV,citologia,19090.55
"Repair Left Tunica Vaginalis, Perc Endo Approach",citologia,28157.62
"Drainage of Median Nerve, Percutaneous Approach",citologia,7434.03
"Repair Left Hand Bursa and Ligament, Percutaneous Approach",citologia,18643.49
"Revision of Drainage Device in Mouth and Throat, Via Opening",biopsia,5683.52
Planar Nucl Med Imag of Pelvis using Technetium 99m,citologia,20784.29
"Destruction of Uterus, Via Natural or Artificial Opening",citologia,20799.36
"Drainage of Left Patella, Percutaneous Approach",citologia,27985.33
"Dilate L Int Mamm Art w 4 Drug-elut, Perc Endo",biopsia,27223.74
Radiography of Bi Abd/Retroperit Lymph using Oth Contrast,biopsia,27773.36
Motor Functn Trmt Integu Low Back/LE w Assist Equip,biopsia,8401.65
"Robotic Assisted Procedure of Upper Extremity, Open Approach",citologia,16944.83
"Insertion of Infusion Dev into T-lum Jt, Perc Endo Approach",citologia,27451.14
"Dilate L Ext Carotid, Bifurc, w 4+ Intralum Dev, Open",biopsia,18053.03
"Dilate R Verteb Art, Bifurc, w 2 Intralum Dev, Perc",biopsia,28898.06
"Excision of Right Middle Lung Lobe, Via Opening",citologia,14642.03
"Repair Right Renal Vein, Percutaneous Endoscopic Approach",citologia,21087.27
"Excision of Cerebral Meninges, Open Approach",citologia,29012.07
"Bypass Left Common Iliac Artery to R Renal A, Open Approach",citologia,12777.93
"Insertion of Limb Length Dev into R Ulna, Open Approach",citologia,11590.55
"Reposition Left Elbow Joint, Perc Endo Approach",citologia,22520.01
"Excision of Splenic Artery, Open Approach",citologia,3529.35
"Bypass R Subclav Art to R Extracran Art w Autol Vn, Open",biopsia,20123.7
"Drainage of Right Vocal Cord, Endo",citologia,12154.86
"Dilate L Thyroid Art w Intralum Dev, Perc Endo",biopsia,9685.2
"Introduce Monoclonal Antibody in Bil/Panc Tract, Via Opening",citologia,28431.29
"Introduction of Analg/Hypnot/Sedat into Low GI, Endo",citologia,1160.71
"Revision of Autol Sub in Thor Disc, Extern Approach",biopsia,16452.77
"Restriction of Right Ureter with Intralum Dev, Open Approach",citologia,27205.59
"Excision of Right Greater Saphenous Vein, Perc Approach",biopsia,5847.55
"Revision of Intraluminal Device in L Ear, Perc Endo Approach",citologia,23295.03
"Release Left Foot Muscle, Percutaneous Endoscopic Approach",citologia,19749.29
"Supplement Right Tibia with Nonaut Sub, Open Approach",citologia,15138.31
"Inspection of Right Lung, Open Approach",citologia,2183.84
"Occlusion of R Brach Art with Intralum Dev, Perc Approach",biopsia,28549.59
"Replacement of L Fem Art with Autol Sub, Open Approach",biopsia,21065.04
"Drainage of Brain with Drainage Device, Perc Approach",citologia,4808.66
"Repair Right Metatarsal, Percutaneous Endoscopic Approach",citologia,8354.71
"Revision of Autol Sub in L Tympanic Membrane, Via Opening",citologia,2367.05
"Bypass Left Femoral Artery to Poplit Art, Perc Endo Approach",biopsia,16028.46
"Bypass R Basilic Vein to Up Vein w Autol Art, Open",biopsia,22539.24
"Bypass Duodenum to Ileum with Autol Sub, Endo",citologia,19935.27
"Supplement Right Kidney Pelvis with Autol Sub, Via Opening",biopsia,17593.73
"Drainage of Right Acetabulum with Drain Dev, Open Approach",biopsia,9106.31
"Transplantation of Ear, Nose and Sinus into POC, Via Opening",biopsia,22356.09
"Division of Skull, Open Approach",biopsia,15016.73
"Drainage of Left Lacrimal Bone, Perc Endo Approach",citologia,19723.19
"Bypass Bilateral Ureters to Ileum, Perc Endo Approach",citologia,28913.53
"Transfuse Allo Unsp Cord Bld Stem Cell in Central Vein, Perc",biopsia,7266.05
LDR Brachytherapy of Chest Wall using Californium 252,citologia,20060.56
"Removal of Int Fix from T-lum Jt, Extern Approach",citologia,29405.51
"Dilate R Brach Art, Bifurc, w 3 Drug-elut, Open",citologia,27930.23
"Replace L Ext Jugular Vein w Synth Sub, Perc Endo",citologia,8517.15
"Occlusion of L Fem Art with Extralum Dev, Perc Approach",citologia,12620.87
"Drainage of Head & Neck Bursa/Lig, Perc Endo Approach, Diagn",biopsia,11958.97
"Introduce of Radioact Subst into Mouth/Phar, Perc Approach",citologia,12490.0
"Restrict of R Int Mamm Art with Extralum Dev, Perc Approach",citologia,4879.52
"Repair Right Posterior Tibial Artery, Percutaneous Approach",biopsia,11087.05
"Excision of Cecum, Open Approach, Diagnostic",biopsia,14207.05
"Extirpation of Matter from L Axilla Art, Perc Approach",citologia,22724.9
"Bypass Right Kidney Pelvis to Left Ureter, Open Approach",biopsia,3711.66
"Reposition Right Orbit, Percutaneous Approach",citologia,23115.7
"Occlusion Hepatic Vein w Intralum Dev, Perc Endo",citologia,26409.24
"Reposition Superior Mesenteric Artery, Open Approach",citologia,9285.44
"Removal of Infusion Dev from Tracheobronc Tree, Via Opening",biopsia,16496.7
"Release Right Patella, Percutaneous Endoscopic Approach",biopsia,16982.71
Stereotactic Gamma Beam Radiosurgery of Nasopharynx,citologia,9791.24
"Drainage of Stomach, Pylorus, Percutaneous Approach, Diagn",citologia,18051.47
"Bypass Esophageal Vein to Lower Vein, Perc Endo Approach",biopsia,22367.45
"Supplement Coccyx with Nonaut Sub, Open Approach",citologia,22056.77
"Insert of Hybrid Ext Fix into L Humeral Head, Open Approach",citologia,18435.72
"Division of Right Parietal Bone, Open Approach",citologia,11810.23
"Release Bladder, Percutaneous Approach",biopsia,27278.28
"Revision of Drainage Device in Penis, Percutaneous Approach",biopsia,27664.58
"Dilation of L Ext Iliac Art, Bifurc, Open Approach",biopsia,13819.15
"Excision of Left Ethmoid Bone, Percutaneous Approach",citologia,15427.96
"Excision of Sup Mesent Art, Perc Endo Approach, Diagn",citologia,19135.04
"Excision of Right Zygomatic Bone, Perc Approach, Diagn",citologia,26328.28
"Revision of Intraluminal Device in Right Eye, Perc Approach",biopsia,12216.5
"Fluoroscopy Bi Up Extrem Art w H Osm Contrast, Laser Intraop",citologia,5045.75
"Transplantation of Right Lung, Allogeneic, Open Approach",biopsia,1953.5
LDR Brachytherapy of Uterus using Californium 252,citologia,26722.39
"Supplement R Low Leg Muscle w Nonaut Sub, Perc Endo",biopsia,3696.2
"Bypass Innominate Artery to Lower Arm Vein, Open Approach",biopsia,9401.49
"Occlusion of Up Esophag with Extralum Dev, Open Approach",citologia,8311.23
"Supplement Perineum Muscle with Synth Sub, Open Approach",citologia,16531.71
"Reposition Left Lesser Saphenous Vein, Open Approach",citologia,11330.68
CT Scan of Skull using H Osm Contrast,citologia,10806.7
"Drainage of Innominate Artery, Percutaneous Approach, Diagn",citologia,15051.42
"Excision of Coccygeal Joint, Perc Endo Approach, Diagn",citologia,9268.26
"Fluoroscopy of L Jugular Vein using Oth Contrast, Guidance",biopsia,27527.0
"Restrict of L Int Mamm Art with Intralum Dev, Perc Approach",citologia,15178.13
"Revision of Monitoring Device in Right Lung, Perc Approach",citologia,25820.89
"Dilate of Mid Colic Art with 4+ Intralum Dev, Perc Approach",citologia,20177.52
"Extirpate matter from L Ext Auditory Canal, Extern",biopsia,20308.58
Change Packing Material on Left Toe,biopsia,21757.73
"Supplement Right Hip Tendon with Autol Sub, Open Approach",citologia,28798.14
Beam Radiation of Brain using Photons 1 - 10 MeV,citologia,29879.18
"Fragmentation in Genitourinary Tract, Open Approach",citologia,4882.36
"Dilate Innom Art, Bifurc, w 2 Intralum Dev, Perc",biopsia,10059.28
"Restriction of Rectum, Endo",citologia,10917.37
"Insert of Infusion Dev into Oral Cav & Throat, Open Approach",biopsia,27693.24
"Repair Left Hand Muscle, Percutaneous Endoscopic Approach",citologia,18265.1
Stereotactic Gamma Beam Radiosurgery of Right Breast,citologia,6247.59
"Dilate of L Post Tib Art with Drug-elut Intra, Open Approach",citologia,26124.15
"Bypass Esophag to Jejunum w Nonaut Sub, Perc Endo",citologia,7683.54
"Introduction of Destructive Agent into POC, Perc Approach",citologia,16135.22
"Supplement R Verteb Vein with Nonaut Sub, Perc Endo Approach",citologia,21368.32
"Introduce of Oth Anti-infect into Periph Art, Perc Approach",citologia,21033.59
"Drainage of Left Trunk Muscle, Perc Endo Approach, Diagn",biopsia,11030.88
"Bypass L Com Iliac Art to R Ext Ilia w Synth Sub, Open",biopsia,16658.76
Speech Threshold Assessment using Cochlear Implant Equipment,citologia,2595.35
"Replace L Humeral Shaft w Synth Sub, Perc Endo",citologia,4422.43
"Upper Veins, Supplement",citologia,24307.8
"Excision of Left Lung, Endo, Diagn",biopsia,29484.43
"Drainage of Left Upper Lung Lobe, Percutaneous Approach",citologia,16363.06
"Drainage of Azygos Vein, Open Approach",biopsia,26767.23
"Removal of Autol Sub from R Breast, Via Opening",citologia,10129.43
"Supplement Left 3rd Toe with Synth Sub, Perc Endo Approach",biopsia,22371.4
"Supplement R Ext Jugular Vein w Nonaut Sub, Perc Endo",citologia,17427.17
"Supplement Left Rib with Nonaut Sub, Perc Endo Approach",biopsia,22246.33
"Reposition Left Tarsal Joint with Int Fix, Open Approach",biopsia,9776.29
"Resection of Pelvis Lymphatic, Open Approach",biopsia,10999.91
"Removal of Infusion Device from Stomach, Open Approach",biopsia,20434.91
"Removal of Nonaut Sub from Heart, Perc Endo Approach",citologia,7689.24
"Occlusion of Esophageal Vein, Perc Endo Approach",biopsia,10542.59
"Removal of Autol Sub from Heart, Perc Endo Approach",biopsia,12621.27
"Change Other Device in Left Lung, External Approach",citologia,7254.83
"Extirpate of Matter from R Finger Phalanx Jt, Perc Approach",citologia,10064.43
"Drain L Low Extrem Lymph w Drain Dev, Perc Endo",citologia,29384.37
"Irrigation of Nose using Irrigat, Via Opening, Diagn",biopsia,14665.73
"Occlusion of R Popl Art with Intralum Dev, Perc Approach",citologia,26165.7
"Alteration of R Low Eyelid with Autol Sub, Open Approach",citologia,15724.41
"Destruction of R Low Arm & Wrist Tendon, Perc Endo Approach",citologia,12842.74
Fluoroscopy of Duodenum,biopsia,3456.43
"Occlusion of Right Axillary Lymphatic, Open Approach",citologia,7036.87
"Dilation of R Ext Iliac Art, Bifurc, Perc Approach",citologia,9176.0
"Revision of Nonaut Sub in Larynx, Open Approach",biopsia,11934.09
"Introduction of Other Gas into Bil/Panc Tract, Perc Approach",citologia,17597.99
"Supplement R Hip Jt, Femoral with Liner, Open Approach",citologia,14882.56
"Drainage of Left Carpal Joint, Open Approach",citologia,19498.42
"Fusion >7 T Jt w Synth Sub, Ant Appr A Col, Perc",biopsia,14081.13
"Drainage of Right Subclavian Vein, Perc Endo Approach, Diagn",citologia,10813.37
"Dilate L Post Tib Art w 3 Drug-elut, Perc Endo",citologia,8872.54
"Drainage of R Low Eyelid with Drain Dev, Extern Approach",citologia,26713.62
"Supplement Lumsac Jt with Nonaut Sub, Perc Endo Approach",biopsia,22971.76
"Bypass Left Atrium to L Pulm Vn with Autol Vn, Open Approach",citologia,27406.92
"Introduce of Destr Agent into Cran Cav/Brain, Perc Approach",biopsia,23284.55
"Drainage of R Int Carotid, Perc Endo Approach",biopsia,28975.06
"Excision of Superior Mesenteric Vein, Open Approach",biopsia,24478.05
"Extirpate of Matter from R Cephalic Vein, Perc Endo Approach",biopsia,20179.85
"Reattachment of Jejunum, Open Approach",citologia,9715.95
"Reposition Carina, Open Approach",biopsia,17671.39
"Drainage of Left Fallopian Tube, Percutaneous Approach",citologia,8522.18
"Extirpation of Matter from L Shoulder Tendon, Perc Approach",biopsia,1625.21
"Drainage of Access Pancr Duct with Drain Dev, Open Approach",biopsia,17499.09
"Control Bleeding in Right Inguinal Region, Open Approach",citologia,11027.45
"Excision of Buttock Subcu/Fascia, Perc Approach, Diagn",citologia,25789.56
"Supplement Left Sphenoid Bone with Autol Sub, Perc Approach",biopsia,21974.95
"Irrigation of Indwell Dev using Irrigat, Extern Approach",citologia,16670.26
"Fusion C-thor Jt w Synth Sub, Post Appr P Col, Perc Endo",citologia,9666.23
"Drainage of Pineal Body, Percutaneous Approach, Diagnostic",biopsia,24657.18
"Removal of Monitoring Device from Cereb Vent, Open Approach",biopsia,16223.01
"Replace R Hip Jt, Acetab w Ceramic, Cement, Open",citologia,13881.37
"Fusion >7 T Jt w Autol Sub, Ant Appr A Col, Open",citologia,21702.1
"Insert Intralum Dev in L Int Carotid, Perc Endo",biopsia,5236.31
Beam Radiation Parathyroid Glands w Photons 1 - 10 MeV,citologia,21202.51
"Release Large Intestine, Percutaneous Endoscopic Approach",citologia,6735.7
HDR Brachytherapy of Kidney using Iodine 125,biopsia,4618.55
"Removal of Ext Fix from R Elbow Jt, Open Approach",biopsia,6281.28
"Replacement of Right Clavicle with Synth Sub, Perc Approach",citologia,6500.07
"Chiropractic Manipulation Cervical Region, Direct Visceral",biopsia,10763.27
"Insert Infusion Pump in L Low Leg Subcu/Fascia, Open",citologia,24324.59
"Drainage of Left Lower Extremity, Perc Endo Approach, Diagn",biopsia,24488.72
"Drainage of Right Upper Arm Tendon, Perc Endo Approach",biopsia,17721.21
"Introduce of Antiarrhythmic into Central Vein, Perc Approach",biopsia,27075.46
"Introduction of Destructive Agent into Eye, Via Opening",biopsia,6867.4
"Revise of Drain Dev in Epididymis/Sperm Cord, Perc Approach",citologia,12019.98
"Restriction of Ileocecal Valve, Via Opening",citologia,26543.54
"Destruction of Left Internal Iliac Artery, Perc Approach",biopsia,26093.55
"Removal of Stimulator Lead from Ureter, External Approach",citologia,15167.71
"Removal of Autol Sub from Great Vessel, Open Approach",citologia,3504.81
"Occlusion Int Mamm, R Lymph w Intralum Dev, Perc Endo",biopsia,8295.97
"Drainage of Lumbar Sympathetic Nerve, Open Approach, Diagn",biopsia,15943.1
"Drainage of Left Thyroid Gland Lobe, Perc Approach, Diagn",biopsia,12180.52
"Introduce of Oth Diagn Subst into Central Art, Open Approach",biopsia,15192.55
"Removal of Nonaut Sub from Heart, Open Approach",biopsia,27291.51
"Division of Right Acetabulum, Percutaneous Approach",citologia,12815.72
"Supplement Innominate Artery with Synth Sub, Open Approach",citologia,27087.89
"Drainage of Occipital-cervical Joint, Open Approach",citologia,19776.96
"Restriction of L Renal Vein with Extralum Dev, Perc Approach",citologia,27398.36
Plain Radiography of Corpora Cavernosa using L Osm Contrast,citologia,9556.12
"Resection of Thorax Lymphatic, Open Approach",biopsia,8205.73
"Removal of Autologous Tissue Substitute from Right Eye, Endo",biopsia,13406.22
"Removal of Nonaut Sub from L Pelvic Bone, Open Approach",biopsia,23488.16
"Supplement Penis with Autol Sub, Extern Approach",biopsia,7617.56
"Supplement L Index Finger with Autol Sub, Perc Endo Approach",citologia,3957.42
"Insertion of Int Fix into R Lacrimal Bone, Perc Approach",citologia,3115.33
"Occlusion of Left Subclavian Artery, Open Approach",citologia,27297.39
Wound Management Treatment of Integu Body using Prosthesis,citologia,29552.88
"Motor Functn Trmt Musculosk Head, Neck w Assist Equip",citologia,29741.26
"Alteration of Left Lower Leg with Synth Sub, Perc Approach",citologia,1921.42
"Replace of L Hip Jt, Femoral with Autol Sub, Open Approach",citologia,19719.32
Stereotactic Particulate Radiosurgery of Peripheral Nerve,biopsia,19204.47
"Inspection of Vagina and Cul-de-sac, Open Approach",citologia,8043.85
"Supplement R Ext Jugular Vein with Synth Sub, Open Approach",citologia,20212.89
"Revision of Autol Sub in R Ulna, Perc Approach",citologia,14706.48
Stereotactic Other Photon Radiosurgery of Hard Palate,biopsia,20616.01
"Bypass Ascending Colon to Cutaneous with Autol Sub, Endo",citologia,19948.8
"Removal of Intralum Dev from Thoracic Duct, Open Approach",citologia,1323.51
"Bypass R Fem Art to Poplit Art, Perc Endo Approach",biopsia,11856.69
"Occlusion of Low Vein with Extralum Dev, Perc Endo Approach",citologia,17335.11
HDR Brachytherapy of Tongue using Palladium 103,biopsia,2405.22
"Fusion L Metacarpocarp Jt w Autol Sub, Perc Endo",citologia,16725.8
"Bypass Trans Colon to Desc Colon w Synth Sub, Open",biopsia,24170.2
"Repair Ventricular Septum, Open Approach",biopsia,5211.48
"Remove Infusion Dev from Uterus & Cervix, Perc Endo",citologia,12752.18
Dichotic Stimuli Assessment using Audiovisual Equipment,biopsia,26439.33
Beam Radiation of Jejunum using Photons 1 - 10 MeV,biopsia,18980.1
"Extirpation of Matter from Phrenic Nerve, Perc Endo Approach",citologia,8602.24
"Dilation of R Renal Art with 4 Drug-elut, Open Approach",citologia,20057.38
"Supplement Abdominal Wall with Autol Sub, Perc Endo Approach",biopsia,28681.43
"Restriction of R Hepatic Duct with Intralum Dev, Via Opening",citologia,22125.76
"Reposition R Shoulder Bursa/Lig, Perc Endo Approach",biopsia,26318.96
"Excision of Bilateral Ovaries, Perc Endo Approach, Diagn",citologia,10141.24
"Alteration of R Knee with Synth Sub, Open Approach",citologia,11497.91
"Lower Veins, Insertion",biopsia,11615.63
"Replace of Face Subcu/Fascia with Nonaut Sub, Open Approach",biopsia,29067.95
"Drainage of Cul-de-sac with Drainage Device, Via Opening",biopsia,15819.19
"Destruction of Spinal Meninges, Open Approach",biopsia,28143.82
"Drainage of Splenic Artery, Percutaneous Endoscopic Approach",biopsia,2589.6
"Removal of Infusion Dev from Male Perineum, Extern Approach",biopsia,6897.82
"Excision of Left Superior Parathyroid Gland, Perc Approach",citologia,14088.93
Fluoroscopy of Pelvic Arteries using Low Osmolar Contrast,biopsia,14152.65
"Drainage of Right Ethmoid Bone, Perc Endo Approach",citologia,7423.57
"Introduce Radioact Subst in Cran Cav/Brain, Perc",citologia,20360.7
"Drainage of Right Frontal Bone, Percutaneous Approach",citologia,1094.11
"Transplantation of Lung Lingula, Zooplastic, Open Approach",biopsia,6415.52
"Change Drainage Device in Right Ear, External Approach",biopsia,3512.9
"Dilate Hepatic Art, Bifurc, w 3 Intralum Dev, Perc",biopsia,16439.0
"Drainage of Right Eustachian Tube, Via Opening, Diagn",biopsia,9212.66
"Extraction of Peroneal Nerve, Perc Endo Approach",biopsia,7992.91
Beam Radiation of Spleen using Photons 1 - 10 MeV,biopsia,27932.2
Plain Radiography of Left Ureter using Other Contrast,citologia,22491.36
"Supplement Celiac Artery with Synth Sub, Perc Approach",citologia,4522.4
"Revision of Synthetic Substitute in L Ulna, Extern Approach",citologia,14181.11
HDR Brachytherapy of Pelvic Region using Oth Isotope,citologia,16551.53
"Occlusion of Right Ureter with Intralum Dev, Open Approach",biopsia,28965.66
"Removal of Ext Fix from L Toe Phalanx, Perc Endo Approach",biopsia,14237.21
"Bypass R Pulm Art from Subclav w Zooplastic, Open",citologia,7056.39
"Drainage of Adenoids, Percutaneous Approach",biopsia,5321.09
"Revision of Ext Fix in R Fibula, Perc Approach",biopsia,18072.52
"Supplement Trigem Nrv with Autol Sub, Perc Endo Approach",citologia,15733.22
"Revision of VAD in Trunk Subcu/Fascia, Open Approach",biopsia,4193.82
"Dilation of 3 Cor Art, Bifurc, Open Approach",citologia,2558.27
"Fragmentation in Left Pleural Cavity, Open Approach",citologia,8513.15
"Repair Ventricular Septum, Percutaneous Approach",citologia,1018.25
Sys Nucl Med Therapy of Whole Body using Samarium 153,biopsia,17467.12
"Revision of Intraluminal Device in Right Eye, Endo",citologia,19948.09
"Reposition Right Lacrimal Gland, Open Approach",biopsia,17903.27
"Fragmentation in Right Hepatic Duct, Endo",citologia,8133.39
"Drainage of Left Fibula, Percutaneous Approach, Diagnostic",citologia,19036.25
"Bypass L Fem Art to Foot Art w Nonaut Sub, Perc Endo",citologia,2000.18
"Extraction of Right Lower Arm Skin, External Approach",citologia,13556.77
"Excision of Appendix, Open Approach, Diagnostic",biopsia,27221.3
Change Other Device on Right Hand,biopsia,3237.97
"Replacement of L Metacarpal with Nonaut Sub, Perc Approach",citologia,8895.28
"Restrict of Ileocecal Valve with Intralum Dev, Open Approach",biopsia,25187.41
"Restriction of Portal Vein, Percutaneous Approach",citologia,9192.79
"Revision of Nonaut Sub in R Metacarpal, Extern Approach",citologia,6840.43
"Drainage of Right Middle Lobe Bronchus with Drain Dev, Endo",citologia,26084.04
"Excision of Right Retina, Percutaneous Approach, Diagnostic",citologia,26557.31
"Release Left Lower Lung Lobe, Endo",citologia,4198.3
"Insertion of Int Fix into R Finger Phalanx Jt, Perc Approach",citologia,8550.8
"Dilation of Up Art, Bifurc, with 4 Drug-elut, Perc Approach",biopsia,26182.43
"Drainage of Left Hand Artery, Perc Endo Approach, Diagn",biopsia,25214.73
"Extirpation of Matter from Left Cephalic Vein, Perc Approach",citologia,4297.06
"Fragmentation in Small Intestine, External Approach",citologia,2321.99
"Inspection of Retained POC, Open Approach",citologia,2351.69
"Drainage of Left Ankle Tendon, Percutaneous Approach, Diagn",biopsia,27564.85
"Alteration of Abdominal Wall with Autol Sub, Open Approach",biopsia,21659.18
"Drain R Inguinal Region w Drain Dev, Perc Endo",citologia,12660.87
"Release Right Trunk Muscle, Open Approach",biopsia,9984.74
"Dilation of R Int Carotid with 3 Drug-elut, Open Approach",biopsia,4933.49
"Supplement L Innom Vein with Autol Sub, Perc Approach",citologia,2655.59
